Q1_Totals,Barnardos (Wrap),BYS All,Brathay Magic,INCIC (CYP),MIB Know Your Mind,MIB Know Your Mind +,MIB Hospital Buddys Airedale General,MIB Hospital Buddys BRI,SELFA (Mighty Minds)
MYMUP_URL,MYMUP_URL,MYMUP_URL,MYMUP_URL,MYMUP_URL,MYMUP_URL,MYMUP_URL,MYMUP_URL,MYMUP_URL,MYMUP_URL
2597,2597,2597,2597,2597,2597,2597,2597,2597,2597
MYMUP_URL,MYMUP_URL,MYMUP_URL,MYMUP_URL,MYMUP_URL,MYMUP_URL,MYMUP_URL,MYMUP_URL,MYMUP_URL,MYMUP_URL
MYMUP_URL,MYMUP_URL,MYMUP_URL,MYMUP_URL,MYMUP_URL,MYMUP_URL,MYMUP_URL,MYMUP_URL,MYMUP_URL,MYMUP_URL
879,879,879,879,879,879,879,879,879,879
260,260,260,260,260,260,260,260,260,260
470,470,470,470,470,470,470,470,470,470
484,484,484,484,484,484,484,484,484,484
MYMUP_URL,MYMUP_URL,MYMUP_URL,MYMUP_URL,MYMUP_URL,MYMUP_URL,MYMUP_URL,MYMUP_URL,MYMUP_URL,MYMUP_URL
MYMUP_URL,MYMUP_URL,MYMUP_URL,MYMUP_URL,MYMUP_URL,MYMUP_URL,MYMUP_URL,MYMUP_URL,MYMUP_URL,MYMUP_URL
MYMUP_URL,MYMUP_URL,MYMUP_URL,MYMUP_URL,MYMUP_URL,MYMUP_URL,MYMUP_URL,MYMUP_URL,MYMUP_URL,MYMUP_URL
